flow_id,src_ip,src_port,dest_ip,dest_port,timestamp,category,signature,severity,proto
928532049924531,0.0.0.0,26078,10.47.8.150,22,2018-03-24T14:37:19.037299-0600,Attempted Information Leak,ET SCAN Potential SSH Scan,2,TCP
430097432426712,10.128.0.210,43407,10.47.3.218,445,2018-03-23T13:59:41.964828-0600,Misc activity,ET SCAN Behavioral Unusual Port 445 traffic Potential Scan or Infection,3,TCP
375755410323519,10.128.0.235,51238,10.47.4.244,139,2018-03-23T14:12:49.669759-0600,Misc activity,ET SCAN Behavioral Unusual Port 139 traffic Potential Scan or Infection,3,TCP
1383219474142309,10.128.0.221,47914,10.47.1.20,137,2018-03-23T14:19:51.660586-0600,Misc activity,ET SCAN Behavioral Unusual Port 137 traffic Potential Scan or Infection,3,TCP
630148470773632,10.128.0.235,50658,10.47.4.255,135,2018-03-23T14:12:49.890754-0600,Misc activity,ET SCAN Behavioral Unusual Port 135 traffic Potential Scan or Infection,3,TCP
2012105690594617,10.128.0.215,53457,10.47.8.55,1434,2018-03-23T14:00:48.081213-0600,Misc activity,ET SCAN Behavioral Unusual Port 1434 traffic Potential Scan or Infection,3,TCP
551475360088085,10.128.0.215,53925,10.47.8.54,1433,2018-03-23T14:00:48.180247-0600,Misc activity,ET SCAN Behavioral Unusual Port 1433 traffic Potential Scan or Infection,3,TCP
530722092898594,10.128.0.215,51621,10.47.8.100,6666,2018-03-23T14:04:34.599296-0600,Misc activity,ET CHAT IRC USER command,3,TCP
530722092898594,10.128.0.215,51621,10.47.8.100,6666,2018-03-23T14:04:34.599296-0600,Misc activity,ET CHAT IRC NICK command,3,TCP
2055715953898027,10.10.17.2,6667,10.47.7.152,50981,2018-03-24T13:47:03.872554-0600,Misc activity,ET CHAT IRC PING command,3,TCP
201913768856509,10.47.42.68,49943,64.135.77.30,80,2018-03-24T14:35:03.195686-0600,A Network Trojan was detected,ET MALWARE Spyware Related User-Agent (UtilMind HTTPGet),1,TCP
773772166540600,10.47.5.154,33627,192.16.10.154,22,2018-03-23T14:10:08.763007-0600,Attempted Information Leak,ET SCAN Potential SSH Scan OUTBOUND,2,TCP
145190131468263,10.47.42.68,49895,66.235.134.197,80,2018-03-24T14:33:58.169183-0600,Potential Corporate Privacy Violation,ET POLICY AOL Toolbar User-Agent (AOLToolbar),1,TCP
32273943329978,10.128.0.244,49652,10.47.1.58,80,2018-03-23T14:00:45.421410-0600,Potential Corporate Privacy Violation,ET POLICY Outgoing Basic Auth Base64 HTTP Password detected unencrypted,1,TCP
1250118818772660,10.128.0.218,39369,10.47.4.142,445,2018-03-23T15:56:46.233689-0600,Attempted Administrator Privilege Gain,ET NETBIOS Microsoft Windows NETAPI Stack Overflow Inbound - MS08-067 (15),1,TCP
1250118818772660,10.128.0.218,39369,10.47.4.142,445,2018-03-23T15:56:46.233689-0600,Attempted Administrator Privilege Gain,ET NETBIOS Microsoft Windows NETAPI Stack Overflow Inbound - MS08-067 (25),1,TCP
201913768856509,10.47.42.68,49943,64.135.77.30,80,2018-03-24T14:35:03.195686-0600,A Network Trojan was detected,ET TROJAN Suspicious Malformed Double Accept Header,1,TCP
1594227117218106,10.47.5.153,63329,104.27.193.92,80,2018-03-23T15:09:23.303672-0600,Attempted Information Leak,ET POLICY IP Check Domain (whatismyip in HTTP Host),2,TCP
1781998586794302,10.47.1.208,16126,162.220.223.28,80,2018-03-23T14:17:06.584555-0600,Potential Corporate Privacy Violation,ET POLICY TeamViewer Dyngate User-Agent,1,TCP
786547509955165,10.47.8.142,3306,10.128.0.215,55894,2018-03-23T14:00:46.134839-0600,Attempted Information Leak,ET SCAN Non-Allowed Host Tried to Connect to MySQL Server,2,TCP
2090840609590725,10.47.23.81,54020,54.192.86.116,80,2018-03-23T21:19:45.344037-0600,A Network Trojan was detected,ET POLICY User-Agent (Launcher),1,TCP
1022544920320521,10.47.45.68,49862,54.166.207.180,80,2018-03-24T16:01:34.934433-0600,A Network Trojan was detected,ET POLICY User-Agent (NSIS_Inetc (Mozilla)) - Sometimes used by hostile installers,1,TCP
1764877661518241,10.47.7.153,20504,192.203.230.10,53,2018-03-23T18:21:42.145825-0600,Potential Corporate Privacy Violation,ET POLICY DNS Query For XXX Adult Site Top Level Domain,1,UDP
257167400954671,10.47.8.152,31337,10.128.0.241,59348,2018-03-23T15:37:24.270687-0600,Successful Administrator Privilege Gain,ET ATTACK_RESPONSE Windows 7 CMD Shell from Local System,1,TCP
69629883037514,23.75.4.57,80,10.47.5.152,52691,2018-03-23T15:58:25.400773-0600,A Network Trojan was detected,ET POLICY Microsoft user-agent automated process response to automated request,1,TCP
1628109023320265,10.47.6.154,57117,10.47.26.186,80,2018-03-23T19:38:05.298487-0600,Potential Corporate Privacy Violation,ET POLICY Cleartext WordPress Login,1,TCP
1885930714673001,10.128.0.235,41740,10.47.4.1,80,2018-03-23T15:49:13.521454-0600,Potential Corporate Privacy Violation,ET POLICY Http Client Body contains passwd= in cleartext,1,TCP
1461692752565461,10.128.0.241,44069,10.47.3.1,80,2018-03-23T14:02:17.043997-0600,Potential Corporate Privacy Violation,ET POLICY Http Client Body contains pass= in cleartext,1,TCP
1885930714673001,10.128.0.235,41740,10.47.4.1,80,2018-03-23T15:49:13.521454-0600,Potential Corporate Privacy Violation,ET POLICY Http Client Body contains pwd= in cleartext,1,TCP
689396778139440,10.10.11.2,37072,104.25.36.116,80,2018-03-23T20:04:01.795711-0600,Attempted Information Leak,ET POLICY curl User-Agent Outbound,2,TCP
1186288247875529,10.47.8.155,44968,216.105.38.10,80,2018-03-23T12:04:14.011613-0600,Attempted Information Leak,ET POLICY libwww-perl User-Agent,2,TCP
1207508055536523,10.47.6.154,51720,91.189.91.23,80,2018-03-23T14:16:54.720964-0600,Attempted Information Leak,ET POLICY Python-urllib/ Suspicious User Agent,2,TCP
344295283766716,10.240.105.57,46345,10.47.24.80,21,2018-03-23T16:22:14.172034-0600,Attempted Information Leak,ET SCAN Nessus FTP Scan detected (ftp_anonymous.nasl),2,TCP
1933980527587892,52.85.85.68,80,10.47.1.152,49316,2018-03-23T15:15:05.459846-0600,Potentially Bad Traffic,ET POLICY Executable served from Amazon S3,2,TCP
858273460142504,10.47.2.100,42944,208.80.154.15,80,2018-03-23T13:59:50.695990-0600,Not Suspicious Traffic,ET POLICY GNU/Linux APT User-Agent Outbound likely related to package management,3,TCP
1926367854224196,10.47.1.101,56392,85.236.43.108,80,2018-03-23T15:54:48.802554-0600,Potential Corporate Privacy Violation,ET POLICY GNU/Linux YUM User-Agent Outbound likely related to package management,1,TCP
35371522502222,10.47.8.10,58680,10.0.0.100,53,2018-03-24T12:03:52.568910-0600,Potentially Bad Traffic,ET DNS Query for .su TLD (Soviet Union) Often Malware Related,2,UDP
1496051981707555,10.47.41.68,49505,64.135.77.30,80,2018-03-24T15:11:12.011055-0600,Potential Corporate Privacy Violation,ET POLICY Outdated Flash Version M1,1,TCP
1715339180718866,10.47.5.156,10591,10.10.5.1,53,2018-03-24T11:10:33.801554-0600,Potential Corporate Privacy Violation,ET POLICY DNS Query for TOR Hidden Domain .onion Accessible Via TOR,1,UDP
1682110181185629,10.128.0.212,34836,10.47.3.150,161,2018-03-23T12:47:46.956509-0600,Potential Corporate Privacy Violation,ET SNMP Attempt to retrieve Cisco Config via TFTP (CISCO-CONFIG-COPY),1,UDP
1455971697973857,10.128.0.241,59058,10.47.45.10,80,2018-03-24T16:40:28.100560-0600,Web Application Attack,ET WEB_SERVER ColdFusion adminapi access,1,TCP
953465046940823,10.128.0.221,52002,10.47.1.59,8080,2018-03-23T14:19:57.712997-0600,Web Application Attack,ET WEB_SERVER ColdFusion administrator access,1,TCP
1305978245678244,10.47.23.25,56834,193.0.14.129,53,2018-03-23T21:09:31.918692-0600,Potentially Bad Traffic,ET DNS Query to a *.pw domain - Likely Hostile,2,UDP
674721441801649,10.128.0.241,59074,10.47.45.10,80,2018-03-24T16:40:28.140608-0600,Web Application Attack,ET WEB_SERVER  ColdFusion path disclosure to get the absolute path,1,TCP
541546852735724,10.47.45.200,49698,66.211.185.82,80,2018-03-24T14:23:38.109007-0600,Potential Corporate Privacy Violation,ET POLICY Unsupported/Fake Windows NT Version 5.0,1,TCP
2137643308625977,10.47.4.153,31337,10.128.0.214,58478,2018-03-23T14:07:17.116827-0600,Successful User Privilege Gain,ET ATTACK_RESPONSE Net User Command Response,1,TCP
252176927459372,10.47.6.59,40575,104.225.222.243,8080,2018-03-23T16:48:14.914001-0600,A Network Trojan was detected,ET TROJAN Generic - POST To .php w/Extended ASCII Characters,1,TCP
1244761081837218,10.184.180.10,11355,10.47.6.142,80,2018-03-23T16:56:34.333940-0600,Detection of a Network Scan,ET SCAN NETWORK Outgoing Masscan detected,3,TCP
1244761081837218,10.184.180.10,11355,10.47.6.142,80,2018-03-23T16:56:34.333940-0600,Detection of a Network Scan,ET SCAN NETWORK Incoming Masscan detected,3,TCP
1569003014264416,10.240.105.57,44937,10.47.3.100,123,2018-03-23T16:10:25.202380-0600,Attempted Denial of Service,ET DOS Possible NTP DDoS Inbound Frequent Un-Authed MON_LIST Requests IMPL 0x03,2,UDP
1798438839213984,10.128.0.241,46384,10.47.2.156,80,2018-03-24T13:51:05.212057-0600,Attempted Administrator Privilege Gain,ET EXPLOIT Netgear passwordrecovered.cgi attempt,1,TCP
854100378956487,206.251.244.225,80,10.47.23.82,50317,2018-03-23T20:53:36.864504-0600,Attempted User Privilege Gain,ET WEB_CLIENT Possible BeEF Module in use,1,TCP
152195947879736,10.128.0.221,50838,10.47.1.59,8080,2018-03-23T14:19:52.786594-0600,A Network Trojan was detected,ET WORM TheMoon.linksys.router 1,1,TCP
1393770069449632,10.128.0.221,46962,10.47.1.1,443,2018-03-23T14:21:55.041780-0600,Potentially Bad Traffic,ET CURRENT_EVENTS Malformed HeartBeat Request,2,TCP
1789603310391319,10.47.3.142,443,10.240.105.57,38399,2018-03-23T16:20:10.329561-0600,Potentially Bad Traffic,ET CURRENT_EVENTS Malformed HeartBeat Response,2,TCP
1789603310391319,10.47.3.142,443,10.240.105.57,38399,2018-03-23T16:20:10.329561-0600,Potentially Bad Traffic,ET CURRENT_EVENTS Possible OpenSSL HeartBleed Large HeartBeat Response (Client Init Vuln Server),2,TCP
1393770069449632,10.128.0.221,46962,10.47.1.1,443,2018-03-23T14:21:55.041780-0600,Potentially Bad Traffic,ET CURRENT_EVENTS Possible TLS HeartBleed Unencrypted Request Method 3 (Inbound to Common SSL Port),2,TCP
257167400954671,10.47.8.152,31337,10.128.0.241,59348,2018-03-23T15:37:24.270687-0600,Successful Administrator Privilege Gain,ET ATTACK_RESPONSE Possible  MS CMD Shell opened on local system 2,1,TCP
39800470692058,134.119.3.164,9001,10.47.44.68,50049,2018-03-24T15:36:43.576629-0600,Misc activity,ET POLICY TLS possible TOR SSL traffic,3,TCP
1579894582828890,13.107.4.50,80,10.47.1.10,49761,2018-03-23T14:11:43.138063-0600,Potential Corporate Privacy Violation,ET POLICY PE EXE or DLL Windows file download HTTP,1,TCP
322100700149756,10.128.18.12,63470,10.47.6.10,123,2018-03-24T18:14:08.817152-0600,Attempted Denial of Service,ET DOS Possible NTP DDoS Inbound Frequent Un-Authed GET_RESTRICT Requests IMPL 0x03,2,UDP
511740700552445,10.128.0.205,54819,10.47.22.186,1900,2018-03-24T18:17:48.093439-0600,Attempted Denial of Service,ET DOS Possible SSDP Amplification Scan in Progress,2,UDP
1305907848468700,10.128.0.241,43151,10.47.3.1,80,2018-03-23T14:02:50.783248-0600,Attempted Administrator Privilege Gain,ET WEB_SERVER Possible CVE-2014-6271 Attempt in Headers,1,TCP
1808094910264351,10.128.0.221,35464,10.10.2.2,80,2018-03-23T14:43:04.249402-0600,Attempted Administrator Privilege Gain,ET WEB_SERVER Possible CVE-2014-6271 Attempt in HTTP Cookie,1,TCP
1937162738336279,68.142.107.25,80,10.47.22.55,39851,2018-03-23T22:49:41.445736-0600,Potential Corporate Privacy Violation,ET POLICY Executable and linking format (ELF) file download Over HTTP,1,TCP
1747560270136201,10.128.0.207,33381,10.47.27.80,21,2018-03-23T18:00:32.166977-0600,Attempted Administrator Privilege Gain,ET EXPLOIT Possible Pure-FTPd CVE-2014-6271 attempt,1,TCP
176833958417469,10.47.8.208,443,10.128.0.215,49579,2018-03-23T14:02:20.239429-0600,Potential Corporate Privacy Violation,ET POLICY SSLv3 inbound connection to server vulnerable to POODLE attack,1,TCP
2196338160457735,10.128.0.241,59054,10.47.45.10,80,2018-03-24T16:40:28.145657-0600,Web Application Attack,ET EXPLOIT Possible CVE-2014-3704 Drupal SQLi attempt URLENCODE 1,1,TCP
801717467016616,10.128.0.241,38189,10.47.1.20,80,2018-03-23T14:34:54.841595-0600,Web Application Attack,ET EXPLOIT Possible CVE-2014-3704 Drupal SQLi attempt URLENCODE 2,1,TCP
107708799454657,23.23.170.235,443,10.47.6.100,56269,2018-03-23T14:51:07.747306-0600,Potential Corporate Privacy Violation,ET POLICY Possible IP Check api.ipify.org,1,TCP
276941704824022,10.128.0.201,39244,10.47.8.10,88,2018-03-23T16:47:12.040140-0600,Attempted Administrator Privilege Gain,ET EXPLOIT Possible GoldenPac Priv Esc in-use,1,TCP
446270726211206,10.47.24.55,143,10.240.105.57,33189,2018-03-23T16:30:52.727307-0600,Potentially Bad Traffic,ET EXPLOIT FREAK Weak Export Suite From Server (CVE-2015-0204),2,TCP
181045309869467,10.47.8.150,57865,216.239.36.21,80,2018-03-23T14:36:50.622100-0600,Potential Corporate Privacy Violation,ET POLICY Possible External IP Lookup ipinfo.io,1,TCP
569943726371674,10.128.0.241,34131,10.47.3.1,80,2018-03-23T14:02:34.679629-0600,Attempted Administrator Privilege Gain,ET EXPLOIT D-Link Devices Home Network Administration Protocol Command Execution,1,TCP
620925549761330,10.240.105.57,44391,10.47.3.218,80,2018-03-23T16:25:23.232831-0600,Web Application Attack,ET WEB_SERVER Possible IIS Integer Overflow DoS (CVE-2015-1635),1,TCP
1305907848468700,10.128.0.241,43151,10.47.3.1,80,2018-03-23T14:02:50.783248-0600,Attempted Administrator Privilege Gain,ET WEB_SERVER Possible CVE-2014-6271 Attempt,1,TCP
371877947349684,10.128.0.207,46507,10.47.27.150,8080,2018-03-23T18:01:00.535552-0600,Misc activity,ET EXPLOIT Serialized Java Object Calling Common Collection Function,3,TCP
2092017936210424,10.128.0.221,39680,10.47.1.30,8080,2018-03-23T14:22:33.332944-0600,Misc activity,ET EXPLOIT Serialized Java Object Calling Common Collection Function,3,TCP
612008923360303,10.47.8.152,49706,104.28.1.171,80,2018-03-23T15:15:37.546259-0600,A Network Trojan was detected,ET CURRENT_EVENTS SUSPICIOUS Firesale gTLD EXE DL with no Referer June 13 2016,1,TCP
254433264977483,10.128.0.241,40005,10.47.8.20,80,2018-03-23T13:58:24.603886-0600,Attempted Administrator Privilege Gain,ET EXPLOIT NETGEAR WNR2000v5 hidden_lang_avi Stack Overflow (CVE-2016-10174),1,TCP
646613369275054,10.128.0.218,45214,10.47.6.150,23,2018-03-23T14:48:46.843722-0600,Attempted User Privilege Gain,ET EXPLOIT Cisco Catalyst Remote Code Execution (CVE-2017-3881),1,TCP
1676926003185073,10.47.8.151,445,10.128.0.207,46564,2018-03-23T12:09:00.684377-0600,A Network Trojan was detected,ET EXPLOIT Possible DOUBLEPULSAR Beacon Response,1,TCP
1997050537987897,10.128.0.218,43339,10.47.25.81,445,2018-03-23T17:38:28.168615-0600,A Network Trojan was detected,ET EXPLOIT Possible ETERNALBLUE MS17-010 Heap Spray,1,TCP
481574259938195,10.47.1.10,445,10.128.0.207,48026,2018-03-23T11:51:47.805788-0600,A Network Trojan was detected,ET EXPLOIT Possible ETERNALBLUE MS17-010 Echo Response,1,TCP
2175950094958183,10.128.0.210,33025,10.47.3.218,445,2018-03-23T13:58:55.797812-0600,Attempted Administrator Privilege Gain,ET EXPLOIT ETERNALBLUE Exploit M2 MS17-010,1,TCP
1692774198650835,10.128.0.207,45941,10.47.41.32,445,2018-03-24T14:27:56.168865-0600,Attempted Administrator Privilege Gain,ET EXPLOIT Samba Arbitrary Module Loading Vulnerability (.so file write to share) (CVE-2017-7494),1,TCP
1094626988297961,10.128.0.207,40625,10.47.41.32,445,2018-03-24T14:27:56.632897-0600,Attempted Administrator Privilege Gain,ET EXPLOIT Samba Arbitrary Module Loading Vulnerability (NT Create AndX .so) (CVE-2017-7494),1,TCP
201680350861645,10.128.0.215,50175,10.47.8.1,80,2018-03-23T14:03:55.908811-0600,Web Application Attack,ET SCAN Possible Nmap User-Agent Observed,1,TCP
709901703974924,10.47.5.151,64236,172.217.5.74,80,2018-03-23T14:09:08.995156-0600,Potential Corporate Privacy Violation,ET POLICY Outdated Flash Version M2,1,TCP
1260309015128755,10.47.25.25,63379,204.79.197.200,80,2018-03-23T17:35:03.761270-0600,Attempted User Privilege Gain,ET CURRENT_EVENTS SUSPICIOUS Possible CVE-2017-0199 IE7/NoCookie/Referer HTA dl,1,TCP
320183388601979,10.128.0.245,51140,10.47.5.142,80,2018-03-23T16:35:20.859264-0600,Attempted User Privilege Gain,ET EXPLOIT Apache Struts 2 REST Plugin XStream RCE (ProcessBuilder),1,TCP
758309034763337,10.128.0.207,36541,10.47.27.80,8080,2018-03-23T17:58:29.194672-0600,Attempted User Privilege Gain,ET EXPLOIT Apache Struts 2 REST Plugin (ProcessBuilder),1,TCP
1125705650615930,217.182.164.10,443,10.47.2.153,33500,2018-03-24T15:38:54.732723-0600,Potential Corporate Privacy Violation,ET POLICY Request for Coinhive Browser Monero Miner M2,1,TCP
1275968730524132,216.239.34.21,443,10.47.2.153,47664,2018-03-24T12:54:37.124703-0600,Potential Corporate Privacy Violation,ET POLICY Possible External IP Lookup SSL Cert Observed (ipinfo.io),1,TCP
1275968730524132,10.47.2.153,47664,216.239.34.21,443,2018-03-24T12:54:37.088493-0600,A Network Trojan was detected,ET POLICY Possible External IP Lookup Domain Observed in SNI (ipinfo. io),1,TCP
3559545137832,10.47.2.153,33497,217.182.164.10,443,2018-03-24T15:38:53.402936-0600,A Network Trojan was detected,ET CURRENT_EVENTS Observed Coin-Hive In Browser Mining Domain (coin-hive .com in TLS SNI),1,TCP
3559545137832,217.182.164.10,443,10.47.2.153,33497,2018-03-24T15:38:53.716126-0600,A Network Trojan was detected,ET CURRENT_EVENTS Observed Malicious SSL Cert (Coin-Hive In Browser Mining),1,TCP
169748100114688,10.47.1.155,57230,104.17.60.19,80,2018-03-24T11:47:33.922944-0600,A Network Trojan was detected,ET MALWARE Lavasoft PUA/Adware Client Install,1,TCP
1883475835086386,10.128.0.235,41859,10.47.4.151,445,2018-03-23T14:31:19.714043-0600,A Network Trojan was detected,ET EXPLOIT Possible ETERNALBLUE Probe MS17-010 (MSF style),1,TCP
1883475835086386,10.47.4.151,445,10.128.0.235,41859,2018-03-23T14:31:19.715236-0600,A Network Trojan was detected,ET EXPLOIT ETERNALBLUE Probe Vulnerable System Response MS17-010,1,TCP
904384956953180,10.128.0.236,45639,10.47.3.142,445,2018-03-23T17:04:58.021565-0600,Potentially Bad Traffic,ET POLICY SMB Executable File Transfer,2,TCP
2091642974506675,10.150.0.20,41886,10.47.27.25,445,2018-03-23T17:57:51.246322-0600,Potentially Bad Traffic,ET POLICY SMB NT Create AndX Request For an Executable File,2,TCP
247612937681106,10.128.0.215,52577,10.47.8.153,445,2018-03-23T14:19:10.500183-0600,Potentially Bad Traffic,ET POLICY SMB2 NT Create AndX Request For an Executable File,2,TCP
2006779793843597,10.128.0.100,49396,10.47.41.10,445,2018-03-24T16:44:31.118540-0600,Potentially Bad Traffic,ET POLICY SMB2 NT Create AndX Request For a Powershell .ps1 File,2,TCP
1017073003540894,10.47.44.68,49907,10.128.0.101,445,2018-03-24T15:29:40.921709-0600,Potentially Bad Traffic,ET POLICY SMB2 NT Create AndX Request For a .bat File,2,TCP
1805303078780787,10.128.0.215,52569,10.47.8.208,445,2018-03-23T14:17:08.695280-0600,Potentially Bad Traffic,ET POLICY SMB2 NT Create AndX Request For a DLL File - Possible Lateral Movement,2,TCP
1440269524647850,10.128.0.215,52577,10.47.8.153,445,2018-03-23T14:20:18.916542-0600,Potentially Bad Traffic,ET POLICY SMB2 NT Create AndX Request For a .sys File - Possible Lateral Movement,2,TCP
2108552283659613,10.128.0.210,35773,10.47.28.81,445,2018-03-23T18:03:39.711253-0600,Potentially Bad Traffic,ET POLICY SMB Remote AT Scheduled Job Create Request - Possible Lateral Movement,2,TCP
1370764000970368,10.128.0.201,49054,10.47.3.10,445,2018-03-23T14:02:33.039988-0600,Potentially Bad Traffic,ET POLICY SMB2 Remote AT Scheduled Job Create Request,2,TCP
1370764000970368,10.47.3.10,445,10.128.0.201,49054,2018-03-23T14:02:33.048093-0600,Potentially Bad Traffic,ET POLICY SMB Remote AT Scheduled Job Pipe Creation,2,TCP
186287239400886,10.128.0.201,34165,10.47.3.10,445,2018-03-23T14:16:59.988004-0600,A Network Trojan was detected,ET POLICY Powershell Activity Over SMB - Likely Lateral Movement,1,TCP
186287239400886,10.128.0.201,34165,10.47.3.10,445,2018-03-23T14:16:59.988004-0600,A Network Trojan was detected,ET POLICY Powershell Command With Hidden Window Argument Over SMB - Likely Lateral Movement,1,TCP
1441025801942459,10.128.0.236,37702,10.47.3.150,445,2018-03-23T15:52:09.392026-0600,A Network Trojan was detected,ET POLICY Powershell Command With Encoded Argument Over SMB - Likely Lateral Movement,1,TCP
186287239400886,10.128.0.201,34165,10.47.3.10,445,2018-03-23T14:16:59.988004-0600,A Network Trojan was detected,ET POLICY Powershell Command With No Profile Argument Over SMB - Likely Lateral Movement,1,TCP
1441025801942459,10.128.0.236,37702,10.47.3.150,445,2018-03-23T15:52:09.392026-0600,A Network Trojan was detected,ET POLICY Powershell Command With Execution Bypass Argument Over SMB - Likely Lateral Movement,1,TCP
186287239400886,10.128.0.201,34165,10.47.3.10,445,2018-03-23T14:16:59.988004-0600,A Network Trojan was detected,ET POLICY Powershell Command With NonInteractive Argument Over SMB - Likely Lateral Movement,1,TCP
2178805570117423,10.128.0.236,59486,10.47.22.25,445,2018-03-24T14:24:42.339551-0600,A Network Trojan was detected,ET POLICY WMIC WMI Request Over SMB - Likely Lateral Movement,1,TCP
1883475835086386,10.128.0.235,41859,10.47.4.151,445,2018-03-23T14:31:19.714043-0600,A Network Trojan was detected,ET EXPLOIT Possible ETERNALBLUE Probe MS17-010 (Generic Flags),1,TCP
1174891346383363,10.128.0.207,35679,10.47.41.40,80,2018-03-24T14:30:17.843446-0600,Attempted Administrator Privilege Gain,ET EXPLOIT Linksys E-Series Device RCE Attempt,1,TCP
81676894799922,10.47.24.55,4444,10.128.0.227,50512,2018-03-24T17:42:47.542475-0600,Potentially Bad Traffic,GPL ATTACK_RESPONSE id check returned root,2,TCP
2243564140215767,10.47.3.208,25,10.240.105.57,36911,2018-03-23T16:11:44.787662-0600,Generic Protocol Command Decode,SURICATA SMTP invalid reply,3,TCP
1963712673669493,10.240.105.57,38421,10.47.3.208,25,2018-03-23T16:14:50.077012-0600,Generic Protocol Command Decode,SURICATA SMTP invalid pipelined sequence,3,TCP
1657526646271347,10.47.4.100,25,10.240.105.57,32835,2018-03-23T16:25:56.086776-0600,Generic Protocol Command Decode,SURICATA SMTP bdat chunk len exceeded,3,TCP
1076721938640328,10.47.6.100,5902,10.128.0.252,62670,2018-03-23T13:59:42.492204-0600,Generic Protocol Command Decode,SURICATA SMTP no server welcome message,3,TCP
555194816221361,10.128.0.215,51383,10.47.8.100,25,2018-03-23T14:04:30.147056-0600,Generic Protocol Command Decode,SURICATA SMTP tls rejected,3,TCP
1130699901632331,10.47.27.55,25,10.128.0.207,34789,2018-03-23T18:04:11.415430-0600,Generic Protocol Command Decode,SURICATA SMTP data command rejected,3,TCP
731372139396888,10.128.0.254,61839,10.47.6.100,25,2018-03-23T13:42:17.723178-0600,Generic Protocol Command Decode,SURICATA SMTP duplicate fields,3,TCP
1200879754295212,10.128.0.221,34536,10.47.8.19,2869,2018-03-23T18:26:20.448059-0600,Generic Protocol Command Decode,SURICATA HTTP request field missing colon,3,TCP
1018920832803725,10.240.105.57,35747,10.47.1.208,80,2018-03-23T16:23:48.279582-0600,Generic Protocol Command Decode,SURICATA HTTP invalid request chunk len,3,TCP
283156831537903,10.128.0.207,38541,10.47.27.80,80,2018-03-23T18:05:48.531941-0600,Generic Protocol Command Decode,SURICATA HTTP invalid transfer encoding value in request,3,TCP
628600317680385,10.128.0.247,58601,10.47.6.208,443,2018-03-23T14:59:23.185254-0600,Generic Protocol Command Decode,SURICATA HTTP invalid content length field in request,3,TCP
1541209784072748,10.47.8.218,8093,10.128.0.215,50506,2018-03-23T14:04:04.184490-0600,Generic Protocol Command Decode,SURICATA HTTP unable to match response to request,3,TCP
1789032860711535,10.128.0.241,42202,10.47.2.156,80,2018-03-24T13:51:04.114714-0600,Generic Protocol Command Decode,SURICATA HTTP request header invalid,3,TCP
115854084879058,10.128.0.221,54396,10.47.1.1,4443,2018-03-23T14:20:36.006308-0600,Generic Protocol Command Decode,SURICATA HTTP missing Host header,3,TCP
1015059172428500,10.128.0.221,49942,10.47.1.59,8080,2018-03-23T14:19:50.995816-0600,Generic Protocol Command Decode,SURICATA HTTP Host header ambiguous,3,TCP
958115209573859,10.128.0.207,42285,10.47.27.150,8080,2018-03-23T17:58:52.064811-0600,Generic Protocol Command Decode,SURICATA HTTP request buffer too long,3,TCP
1146260156151284,10.128.0.227,63863,10.47.1.20,80,2018-03-23T16:19:25.900259-0600,Generic Protocol Command Decode,SURICATA HTTP multipart generic error,3,TCP
1015059172428500,10.128.0.221,49942,10.47.1.59,8080,2018-03-23T14:19:50.995816-0600,Generic Protocol Command Decode,SURICATA HTTP Host part of URI is invalid,3,TCP
1098823919933159,10.128.0.221,51688,10.47.1.59,8080,2018-03-23T14:19:55.801339-0600,Generic Protocol Command Decode,SURICATA HTTP Host header invalid,3,TCP
49536051670258,10.240.105.57,45605,10.47.27.158,2869,2018-03-23T16:42:11.150974-0600,Generic Protocol Command Decode,SURICATA HTTP URI terminated by non-compliant character,3,TCP
897759376179185,10.128.0.225,53192,10.47.3.151,2869,2018-03-23T14:33:57.986351-0600,Generic Protocol Command Decode,SURICATA HTTP METHOD terminated by non-compliant character,3,TCP
403015155716271,10.47.8.154,49354,52.85.83.147,80,2018-03-23T12:28:02.409799-0600,Generic Protocol Command Decode,SURICATA HTTP Request abnormal Content-Encoding header,3,TCP
657295737752862,10.172.152.13,41817,10.47.8.251,5223,2018-03-24T12:20:38.550275-0600,Generic Protocol Command Decode,SURICATA TLS invalid SSLv2 header,3,TCP
790488241640383,10.47.1.200,443,10.128.0.221,35338,2018-03-23T14:25:59.826655-0600,Generic Protocol Command Decode,SURICATA TLS invalid handshake message,3,TCP
1221173333524318,10.47.1.208,53872,65.55.50.190,443,2018-03-23T17:50:25.456505-0600,Generic Protocol Command Decode,SURICATA TLS certificate invalid length,3,TCP
2043491888507104,10.47.4.142,3306,10.218.198.194,44619,2018-03-23T17:05:30.465603-0600,Generic Protocol Command Decode,SURICATA TLS error message encountered,3,TCP
1761028350242125,10.128.0.241,37371,10.47.3.1,80,2018-03-23T14:02:09.227768-0600,Generic Protocol Command Decode,SURICATA TLS invalid record/traffic,3,TCP
585180199033347,10.128.0.221,53360,10.10.1.2,443,2018-03-23T14:22:33.332944-0600,Generic Protocol Command Decode,"SURICATA TLS overflow heartbeat encountered, possible exploit attempt (heartbleed)",3,TCP
1761028350242125,10.128.0.241,37371,10.47.3.1,80,2018-03-23T14:02:09.227768-0600,Generic Protocol Command Decode,SURICATA TLS invalid record version,3,TCP
790488241640383,10.128.0.221,35338,10.47.1.200,443,2018-03-23T14:25:59.827202-0600,Generic Protocol Command Decode,SURICATA TLS invalid SNI length,3,TCP
2090471669337021,10.0.0.100,53,10.47.3.100,50527,2018-03-23T14:02:11.302887-0600,Generic Protocol Command Decode,SURICATA DNS Unsolicited response,3,UDP
542632549851992,10.47.24.25,53,10.130.231.201,53989,2018-03-23T16:14:56.435931-0600,Generic Protocol Command Decode,SURICATA DNS malformed response data,3,UDP
542632549851992,10.47.24.25,53,10.130.231.201,53989,2018-03-23T16:14:56.435931-0600,Generic Protocol Command Decode,SURICATA DNS Not a response,3,UDP
1153509767464483,10.47.3.1,53,10.128.0.225,60154,2018-03-23T15:05:15.323432-0600,Generic Protocol Command Decode,SURICATA DNS Z flag set,3,UDP
670078166450766,10.47.46.200,49256,198.54.117.200,80,2018-03-24T14:54:45.803406-0600,A Network Trojan was detected,ET CNC Zeus Tracker Reported CnC Server group 11,1,TCP
1235081846041691,204.11.50.131,9001,10.47.44.10,49234,2018-03-24T18:00:51.377604-0600,Misc Attack,ET TOR Known Tor Exit Node Traffic group 50,2,TCP
816150902575509,5.9.158.75,443,10.47.24.170,49229,2018-03-24T18:43:13.536101-0600,Misc Attack,ET TOR Known Tor Exit Node Traffic group 67,2,TCP
1235081846041691,204.11.50.131,9001,10.47.44.10,49234,2018-03-24T18:00:51.377604-0600,Misc Attack,ET TOR Known Tor Relay/Router (Not Exit) Node Traffic group 50,2,TCP
816150902575509,5.9.158.75,443,10.47.24.170,49229,2018-03-24T18:43:13.536101-0600,Misc Attack,ET TOR Known Tor Relay/Router (Not Exit) Node Traffic group 67,2,TCP
1663552195055294,104.238.188.98,443,10.47.23.81,56197,2018-03-24T18:30:30.389928-0600,Misc Attack,ET TOR Known Tor Relay/Router (Not Exit) Node Traffic group 91,2,TCP
721772558008954,128.199.55.207,9001,10.47.44.68,50054,2018-03-24T15:36:45.394888-0600,Misc Attack,ET TOR Known Tor Relay/Router (Not Exit) Node Traffic group 115,2,TCP
1598843534369120,131.188.40.189,443,10.47.44.68,50050,2018-03-24T15:36:42.342946-0600,Misc Attack,ET TOR Known Tor Relay/Router (Not Exit) Node Traffic group 120,2,TCP
39800470692058,134.119.3.164,9001,10.47.44.68,50049,2018-03-24T15:36:42.346095-0600,Misc Attack,ET TOR Known Tor Relay/Router (Not Exit) Node Traffic group 122,2,TCP
915471449941846,144.76.14.145,143,10.47.44.68,49256,2018-03-24T16:17:56.115842-0600,Misc Attack,ET TOR Known Tor Relay/Router (Not Exit) Node Traffic group 141,2,TCP
1675697762081653,144.76.96.7,9001,10.47.43.10,58688,2018-03-24T15:57:48.717651-0600,Misc Attack,ET TOR Known Tor Relay/Router (Not Exit) Node Traffic group 143,2,TCP
758718550466140,148.251.221.163,9001,10.47.23.81,56199,2018-03-24T18:30:39.457372-0600,Misc Attack,ET TOR Known Tor Relay/Router (Not Exit) Node Traffic group 149,2,TCP
1760803139414507,154.35.175.225,443,10.47.23.81,56196,2018-03-24T18:30:28.444668-0600,Misc Attack,ET TOR Known Tor Relay/Router (Not Exit) Node Traffic group 155,2,TCP
452337062699403,171.25.193.9,80,10.47.23.81,56202,2018-03-24T18:31:44.505427-0600,Misc Attack,ET TOR Known Tor Relay/Router (Not Exit) Node Traffic group 180,2,TCP
1616243168368107,176.31.26.128,9001,10.47.24.25,50028,2018-03-24T18:40:11.532021-0600,Misc Attack,ET TOR Known Tor Relay/Router (Not Exit) Node Traffic group 197,2,TCP
141286825653511,185.100.84.212,443,10.47.46.10,54910,2018-03-24T18:02:21.317316-0600,Misc Attack,ET TOR Known Tor Relay/Router (Not Exit) Node Traffic group 222,2,TCP
994906870081564,185.106.154.119,9001,10.47.44.68,49258,2018-03-24T16:17:56.089017-0600,Misc Attack,ET TOR Known Tor Relay/Router (Not Exit) Node Traffic group 223,2,TCP
1058102950042587,185.13.39.197,443,10.47.24.80,64860,2018-03-24T16:00:25.292076-0600,Misc Attack,ET TOR Known Tor Relay/Router (Not Exit) Node Traffic group 226,2,TCP
2211864326376302,185.227.82.56,443,10.47.44.10,51156,2018-03-24T16:04:39.817397-0600,Misc Attack,ET TOR Known Tor Relay/Router (Not Exit) Node Traffic group 236,2,TCP
868716981319043,185.35.202.221,9001,10.47.21.81,49503,2018-03-24T18:36:36.422299-0600,Misc Attack,ET TOR Known Tor Relay/Router (Not Exit) Node Traffic group 241,2,TCP
1655026370372698,188.138.33.233,443,10.47.43.10,49439,2018-03-24T17:10:30.968829-0600,Misc Attack,ET TOR Known Tor Relay/Router (Not Exit) Node Traffic group 250,2,TCP
6734084556827,188.213.170.104,443,10.47.44.10,49238,2018-03-24T18:00:55.486010-0600,Misc Attack,ET TOR Known Tor Relay/Router (Not Exit) Node Traffic group 255,2,TCP
2085485494079416,188.40.128.246,9001,10.47.21.82,49969,2018-03-24T18:32:16.093202-0600,Misc Attack,ET TOR Known Tor Relay/Router (Not Exit) Node Traffic group 258,2,TCP
48403973444338,192.87.28.82,9001,10.47.23.81,56195,2018-03-24T18:30:28.523636-0600,Misc Attack,ET TOR Known Tor Relay/Router (Not Exit) Node Traffic group 266,2,TCP
893589173791143,193.11.114.45,9002,10.47.24.82,49245,2018-03-24T18:45:59.854731-0600,Misc Attack,ET TOR Known Tor Relay/Router (Not Exit) Node Traffic group 269,2,TCP
704515472432241,193.23.244.244,443,10.47.24.80,64861,2018-03-24T16:00:25.294158-0600,Misc Attack,ET TOR Known Tor Relay/Router (Not Exit) Node Traffic group 271,2,TCP
968974064101938,193.35.52.53,9001,10.47.43.10,49436,2018-03-24T17:10:27.939337-0600,Misc Attack,ET TOR Known Tor Relay/Router (Not Exit) Node Traffic group 273,2,TCP
1051634745591651,194.109.206.212,443,10.47.44.10,51149,2018-03-24T16:04:34.042603-0600,Misc Attack,ET TOR Known Tor Relay/Router (Not Exit) Node Traffic group 274,2,TCP
499885892418178,198.27.69.201,443,10.47.2.155,56682,2018-03-24T15:20:11.915448-0600,Misc Attack,ET TOR Known Tor Relay/Router (Not Exit) Node Traffic group 285,2,TCP
1073720069965337,199.58.81.140,443,10.47.23.81,56220,2018-03-24T18:37:47.852079-0600,Misc Attack,ET TOR Known Tor Relay/Router (Not Exit) Node Traffic group 289,2,TCP
1372490329970471,212.47.240.10,443,10.47.44.68,49255,2018-03-24T16:17:55.163296-0600,Misc Attack,ET TOR Known Tor Relay/Router (Not Exit) Node Traffic group 336,2,TCP
251946416014330,212.51.134.123,9001,10.47.43.10,49723,2018-03-24T17:00:49.573545-0600,Misc Attack,ET TOR Known Tor Relay/Router (Not Exit) Node Traffic group 338,2,TCP
990504939618548,212.74.233.18,9001,10.47.46.10,54914,2018-03-24T18:02:27.254197-0600,Misc Attack,ET TOR Known Tor Relay/Router (Not Exit) Node Traffic group 339,2,TCP
370814321489167,217.79.179.177,9001,10.47.24.25,50023,2018-03-24T18:40:08.756177-0600,Misc Attack,ET TOR Known Tor Relay/Router (Not Exit) Node Traffic group 354,2,TCP
288054566063999,37.221.162.226,9001,10.47.21.82,49972,2018-03-24T18:32:23.100863-0600,Misc Attack,ET TOR Known Tor Relay/Router (Not Exit) Node Traffic group 433,2,TCP
2245442837924223,51.15.76.56,443,10.47.44.10,49240,2018-03-24T18:00:55.459308-0600,Misc Attack,ET TOR Known Tor Relay/Router (Not Exit) Node Traffic group 480,2,TCP
1262397420042632,51.255.198.77,443,10.47.24.80,65138,2018-03-24T16:14:33.312180-0600,Misc Attack,ET TOR Known Tor Relay/Router (Not Exit) Node Traffic group 485,2,TCP
912074130806322,5.199.142.236,9001,10.47.44.68,49254,2018-03-24T16:17:55.191348-0600,Misc Attack,ET TOR Known Tor Relay/Router (Not Exit) Node Traffic group 493,2,TCP
1331576640177297,5.39.33.178,9001,10.47.43.10,49724,2018-03-24T17:00:49.543350-0600,Misc Attack,ET TOR Known Tor Relay/Router (Not Exit) Node Traffic group 497,2,TCP
768463855105660,54.37.73.111,9001,10.47.21.81,49508,2018-03-24T18:36:43.628694-0600,Misc Attack,ET TOR Known Tor Relay/Router (Not Exit) Node Traffic group 501,2,TCP
2241663393664261,5.79.68.161,9001,10.47.23.81,56205,2018-03-24T18:33:13.343212-0600,Misc Attack,ET TOR Known Tor Relay/Router (Not Exit) Node Traffic group 504,2,TCP
1637193666159856,62.138.7.171,8001,10.47.43.10,49440,2018-03-24T17:10:30.974445-0600,Misc Attack,ET TOR Known Tor Relay/Router (Not Exit) Node Traffic group 509,2,TCP
965142578982382,78.46.249.71,80,10.47.8.151,52585,2018-03-23T21:22:59.246385-0600,Misc Attack,ET TOR Known Tor Relay/Router (Not Exit) Node Traffic group 553,2,TCP
4989760946513,81.7.11.33,80,10.47.44.68,50052,2018-03-24T15:36:45.413308-0600,Misc Attack,ET TOR Known Tor Relay/Router (Not Exit) Node Traffic group 580,2,TCP
982769292244936,83.212.99.68,443,10.47.44.68,49252,2018-03-24T16:17:51.937279-0600,Misc Attack,ET TOR Known Tor Relay/Router (Not Exit) Node Traffic group 594,2,TCP
1843657039045622,85.255.1.158,9001,10.47.43.10,49438,2018-03-24T17:10:31.015135-0600,Misc Attack,ET TOR Known Tor Relay/Router (Not Exit) Node Traffic group 611,2,TCP
1389292162648003,86.59.21.38,443,10.47.43.10,58686,2018-03-24T15:57:44.754644-0600,Misc Attack,ET TOR Known Tor Relay/Router (Not Exit) Node Traffic group 616,2,TCP
1848239483263866,88.99.217.110,9001,10.47.43.10,58689,2018-03-24T15:57:48.703262-0600,Misc Attack,ET TOR Known Tor Relay/Router (Not Exit) Node Traffic group 630,2,TCP
2122842539232115,88.99.70.107,9001,10.47.44.10,51157,2018-03-24T16:04:39.829431-0600,Misc Attack,ET TOR Known Tor Relay/Router (Not Exit) Node Traffic group 631,2,TCP
1636442008782067,89.163.225.145,443,10.47.43.10,49725,2018-03-24T17:00:49.563613-0600,Misc Attack,ET TOR Known Tor Relay/Router (Not Exit) Node Traffic group 633,2,TCP
7627561490425,89.221.214.243,443,10.47.21.82,49974,2018-03-24T18:32:23.838190-0600,Misc Attack,ET TOR Known Tor Relay/Router (Not Exit) Node Traffic group 634,2,TCP
1227350431536288,89.46.100.71,443,10.47.24.80,64863,2018-03-24T16:00:28.228131-0600,Misc Attack,ET TOR Known Tor Relay/Router (Not Exit) Node Traffic group 639,2,TCP
1683948439510903,93.186.200.68,9001,10.47.44.10,51184,2018-03-24T16:09:18.276029-0600,Misc Attack,ET TOR Known Tor Relay/Router (Not Exit) Node Traffic group 666,2,TCP
